code,company,name,gender,age
1148,Umbrella LTDA,Laurel Rodriguez,female,45
807,Wonka Company,John Isaksen,male,23
1287,Umbrella LTDA,Lorene Mason,female,58
590,Monsters CYA,Jennifer Cargo,female,22
1188,Umbrella LTDA,Kim Firestine,none,42
425,4You,Dorothy Martin,female,61
170,4You,Charlotte Adair,none,36
983,Acme Factory,Daniel Marin,male,43
322,4You,Wallace Gallardo,male,56
209,4You,Elvin Wilhoit,male,51
461,Monsters CYA,Ma Hall,female,63
140,4You,Lillian Reyes,female,65
931,Acme Factory,Michael Whitmire,male,56
354,4You,Andy Skidmore,none,39
199,4You,Charlotte Kina,none,49
554,Monsters CYA,Georgia King,female,27
1213,Umbrella LTDA,Cecil Bronson,none,51
1099,Acme Factory,Joseph Nitz,male,36
10,4You,Melvin Lovejoy,male,36
147,4You,Noah Pillar,none,55
380,4You,Rachael Moore,none,56
282,4You,Shirley Griffin,none,36
664,Wonka Company,Janet Romero,female,28
451,4You,Derick Krausz,male,46
862,Wonka Company,Margaret Phillips,none,39
382,4You,Arthur Mckinnis,none,25
767,Wonka Company,Keely Rice,female,25
427,4You,Margaret Morley,female,63
695,Wonka Company,Clement Johnson,male,59
885,Acme Factory,Erma Smith,female,28
398,4You,Christine Spillane,female,29
135,4You,Jeanna Davis,female,45
701,Wonka Company,Evelyn Murawski,female,41
602,Monsters CYA,Renita Smith,female,50
585,Monsters CYA,Clara Taylor,female,63
529,Monsters CYA,Gary Pietrafesa,male,34
901,Acme Factory,Roderick Holloway,none,52
535,Monsters CYA,Joann Mccrossen,female,28
158,4You,Benjamin Vanbuskirk,male,52
1160,Umbrella LTDA,Garth Alvarez,male,47
422,4You,Mary Ewers,none,29
1163,Umbrella LTDA,Robert Chalker,male,44
405,4You,Linda Thompson,none,53
1033,Acme Factory,Chad Treisch,male,53
1034,Acme Factory,Alton Jastrebski,male,32
948,Acme Factory,Phyllis Flynn,female,36
924,Acme Factory,Marie Witt,female,45
390,4You,Ervin Janke,none,55
96,4You,Mary Clarke,female,40
1223,Umbrella LTDA,Victor Ahern,none,40
1013,Acme Factory,Lydia Estrella,female,31
668,Wonka Company,Carmen Politi,none,48
893,Acme Factory,Jessica Godina,none,30
156,4You,Shannon Buitron,female,53
996,Acme Factory,Thomas Yang,none,36
772,Wonka Company,Tracy Anderson,none,41
1323,Umbrella LTDA,Helen Warner,female,24
1142,Acme Factory,Larry Gonzales,male,36
858,Wonka Company,Helen Baker,female,31
438,4You,Michael Stroik,male,44
1332,Umbrella LTDA,Kimberly Jessica,female,37
514,Monsters CYA,Myesha Taranto,female,41
331,4You,Edward Grayson,male,41
1324,Umbrella LTDA,Jason Fraser,none,26
308,4You,Doris Ramirez,female,27
1244,Umbrella LTDA,Eddie Hofman,none,57
506,Monsters CYA,David Grady,male,61
1110,Acme Factory,Amy Thomas,none,27
941,Acme Factory,Wendy Ferguson,female,57
649,Wonka Company,Christina Pedersen,none,35
923,Acme Factory,Dorothy Palmer,none,55
124,4You,Rae Austin,female,54
178,4You,Bobby Rutledge,male,36
287,4You,Bradley Barone,none,39
1292,Umbrella LTDA,Nicole Conroy,female,32
1114,Acme Factory,Sandra Wang,female,50
294,4You,Dawn Harris,female,22
365,4You,Eunice Burns,female,24
370,4You,Susan Manzano,none,31
350,4You,Sam Abernathy,male,25
485,Monsters CYA,Angelina Lane,none,29
1304,Umbrella LTDA,Daniel Chobot,male,57
88,4You,Gabriel Davis,none,21
994,Acme Factory,Marion Deleon,female,26
433,4You,Bradley Johnson,none,57
977,Acme Factory,Suzanne Mancine,none,58
849,Wonka Company,Lisa Castro,female,25
561,Monsters CYA,Minnie Lesane,female,30
762,Wonka Company,Viola Munoz,female,35
1187,Umbrella LTDA,Cody Foster,male,27
290,4You,Kristina Miller,none,43
285,4You,Barbara Gannaway,none,33
676,Wonka Company,Mary Burkett,female,22
1270,Umbrella LTDA,Christopher Wilkerson,none,47
626,Monsters CYA,Lora Jarman,female,22
824,Wonka Company,Janet Briggs,none,45
266,4You,Larry Decker,male,45
327,4You,Vanessa Nobles,female,32
348,4You,Mathilde Boone,female,52
990,Acme Factory,Lorriane Potts,female,48
59,4You,Katherine Martinez,none,29
410,4You,Marilyn Wix,none,39
1266,Umbrella LTDA,Patricia Albino,female,58
413,4You,Clifford Fagen,male,63
1218,Umbrella LTDA,Casey Bring,none,65
814,Wonka Company,Martha Powell,female,46
812,Wonka Company,Allan Mclaughlin,male,46
1027,Acme Factory,Myong Harris,none,45
1318,Umbrella LTDA,Harriette Roswick,none,55
333,4You,Heike Wilson,none,30
857,Wonka Company,Tony Lilly,none,28
1096,Acme Factory,Rosemary Finnell,female,29
581,Monsters CYA,Jennie Klein,female,35
1106,Acme Factory,Dwight Hammers,male,34
989,Acme Factory,William Battey,male,28
435,4You,Eric Barakat,male,57
1048,Acme Factory,Grace Martin,female,27
813,Wonka Company,Shani Stutz,female,64
513,Monsters CYA,Kia Rodriguez,female,64
328,4You,Tracy Mccracken,female,53
798,Wonka Company,John Byrne,male,64
318,4You,Hazel Grove,none,50
1035,Acme Factory,Katherine Ruff,none,37
83,4You,Fay Hall,none,51
129,4You,Angela Cooper,female,50
1325,Umbrella LTDA,Doris Wendt,female,51
570,Monsters CYA,Cathy Hinds,none,34
528,Monsters CYA,Frances Kendall,female,34
171,4You,Wade Cobb,male,49
1115,Acme Factory,Naomi Varner,female,58
260,4You,Veronica Rose,none,51
661,Wonka Company,David Michl,male,30
679,Wonka Company,Tim Ransom,male,47
665,Wonka Company,Marvin Archer,none,61
1177,Umbrella LTDA,Brenda Faulk,female,59
1080,Acme Factory,Ramon Shoji,male,53
332,4You,John Garrison,none,38
355,4You,Debra Bailey,female,61
138,4You,Kathryn Otsuka,female,27
381,4You,Victor Remington,male,52
292,4You,Theodore Carter,none,36
1091,Acme Factory,Richard Mcdaries,male,22
479,Monsters CYA,Earl Traina,none,42
141,4You,Moises Gilliard,none,39
678,Wonka Company,Ted Gowins,none,32
629,Monsters CYA,William Robinson,none,26
548,Monsters CYA,Frances Vidal,female,29
139,4You,David Huerta,none,31
1175,Umbrella LTDA,Dora Vaughn,none,21
1036,Acme Factory,Helen Hammond,female,60
224,4You,Lucille Merkle,female,65
723,Wonka Company,Charles Morgan,male,34
274,4You,Alejandro Perry,male,61
323,4You,Jean Obrien,female,53
617,Monsters CYA,William Miller,male,57
409,4You,Frank Strawn,none,32
325,4You,Christine Lowery,none,24
778,Wonka Company,Angela Davis,none,42
1285,Umbrella LTDA,Bill Wright,male,37
712,Wonka Company,Kristin Davis,female,45
892,Acme Factory,Tanya Norman,female,23
1245,Umbrella LTDA,Sandra Fisher,female,39
708,Wonka Company,Gary Heard,male,53
1073,Acme Factory,Monika Lightner,female,62
765,Wonka Company,Nancy Fanno,female,40
826,Wonka Company,Chris Gregory,male,44
598,Monsters CYA,Amy Baumann,female,57
936,Acme Factory,Mary Everts,female,51
1143,Acme Factory,Mary Goodenow,none,63
861,Wonka Company,Yu Edwards,none,47
810,Wonka Company,Louise Hoffman,female,58
1246,Umbrella LTDA,Lan Brown,none,37
1150,Umbrella LTDA,Ruth Cook,none,27
605,Monsters CYA,Robert Santos,male,36
809,Wonka Company,Davina Tyler,female,22
321,4You,Jack Perry,none,57
482,Monsters CYA,William Northey,male,31
787,Wonka Company,Jessie Tu,female,43
1053,Acme Factory,Paul Hovermale,male,46
1214,Umbrella LTDA,Lydia Goff,female,28
1137,Acme Factory,Jessica Christensen,female,47
39,4You,Billie Dwight,female,48
30,4You,Alberta Bornhorst,female,59
242,4You,Ray Johnson,male,56
869,Wonka Company,Jose Bowen,male,65
947,Acme Factory,Beth Bloodsaw,female,43
136,4You,Sabrina Chance,female,53
310,4You,Judy Atkins,none,32
1118,Acme Factory,Emanuel Ross,male,47
572,Monsters CYA,Robert Carrell,male,64
462,Monsters CYA,David Leone,male,43
1185,Umbrella LTDA,Andrew Neely,male,47
1116,Acme Factory,Henry Korczynski,male,21
1330,Umbrella LTDA,Laura Helle,none,59
543,Monsters CYA,Bianca Fitz,female,51
3,4You,Paula Daniel,female,23
111,4You,Susan Streets,female,63
1205,Umbrella LTDA,Julee Ruper,female,36
1157,Umbrella LTDA,Vilma Gehring,female,58
850,Wonka Company,Mike Williamson,male,63
1024,Acme Factory,Natalie Ackerley,none,34
638,Monsters CYA,Margo Sullivan,none,63
925,Acme Factory,Jessie Armstrong,none,64
376,4You,Dale Mazur,male,47
908,Acme Factory,Mary Worley,female,56
453,Monsters CYA,Christopher Norman,none,29
527,Monsters CYA,Elma Gonzales,female,40
314,4You,Matthew Johnson,male,50
439,4You,Cynthia Hall,none,21
442,4You,Renee Brock,female,24
1248,Umbrella LTDA,Mathew Marin,male,23
319,4You,Anthony Jarrett,male,28
650,Wonka Company,Barbara Evers,none,64
914,Acme Factory,Jeffrey Ramage,male,40
5,4You,Trina Thomas,none,47
100,4You,Carla Puskar,female,36
424,4You,Diana Mcelrath,female,59
973,Acme Factory,Kathleen Fernandez,female,64
634,Monsters CYA,Frank Papa,male,33
887,Acme Factory,Candida Marrs,female,46
720,Wonka Company,Tina Heath,none,29
423,4You,Sandra Sawin,female,21
1010,Acme Factory,Donald Bennett,male,61
494,Monsters CYA,Steven Colon,male,31
624,Monsters CYA,Tracy Brown,female,44
1094,Acme Factory,Arlene Suk,female,25
899,Acme Factory,Patricia Hardy,none,46
227,4You,Sandra Young,none,44
1280,Umbrella LTDA,John Simpson,none,37
654,Wonka Company,Andrew Ramos,none,59
792,Wonka Company,Brent Williams,male,44
1196,Umbrella LTDA,Kevin Averill,none,27
66,4You,Lona Paquette,none,52
847,Wonka Company,Hillary Young,none,32
67,4You,Melissa Long,female,41
919,Acme Factory,Robert Luther,male,52
211,4You,Jessica Shepard,female,57
12,4You,David Thomas,male,53
1161,Umbrella LTDA,Mildred Correa,female,47
1103,Acme Factory,Bernice Baker,female,23
299,4You,Robert Herrera,none,28
1105,Acme Factory,Cynthia Hambleton,none,45
532,Monsters CYA,Florence Wilson,female,42
942,Acme Factory,Delia Rodriguez,none,26
1206,Umbrella LTDA,Richard Warren,male,64
1040,Acme Factory,Jean Duke,male,36
739,Wonka Company,Adrianne Pierre,female,53
952,Acme Factory,Nathan Binder,male,30
1207,Umbrella LTDA,Robert Fulcher,male,25
845,Wonka Company,Alex Branhan,none,49
1253,Umbrella LTDA,Sonia Mims,none,26
806,Wonka Company,Amy Coppage,female,52
273,4You,John Evans,male,52
582,Monsters CYA,Irene Land,female,62
362,4You,Kyle Young,male,59
2,4You,Wilma Mcinnis,female,48
6,4You,Jesse Decelle,male,46
311,4You,Sandra Mitchell,none,30
1225,Umbrella LTDA,Danielle Williams,female,27
918,Acme Factory,Jennifer Gray,female,24
1322,Umbrella LTDA,Irene Cavanaugh,none,31
215,4You,James Stokes,none,30
551,Monsters CYA,Juanita Carter,none,52
27,4You,Sean Pearson,male,62
930,Acme Factory,Juan Steinberg,male,39
697,Wonka Company,Donald Clairmont,male,62
890,Acme Factory,Tyler Jones,male,58
1299,Umbrella LTDA,Helen Meyer,none,25
666,Wonka Company,Ronald Barrett,male,22
682,Wonka Company,Margaret Stewart,none,56
256,4You,Reuben Jones,none,51
25,4You,Elizabeth Smith,female,64
336,4You,Edith Franco,female,22
47,4You,Kevin Lindholm,male,28
106,4You,Tisha Eberly,none,27
998,Acme Factory,Betty Lindley,none,31
55,4You,Ivory Shiner,none,38
917,Acme Factory,Claude Ramos,male,46
213,4You,Paulette Olney,female,44
120,4You,Robert Cuomo,none,41
700,Wonka Company,John Mcvey,male,28
859,Wonka Company,Reyna Nelson,female,32
72,4You,Pearlie Truong,none,22
631,Monsters CYA,Zachary Steward,none,43
979,Acme Factory,Joshua Hurdle,male,42
45,4You,Margaret Paul,female,54
978,Acme Factory,Melanie Mcquistion,female,35
523,Monsters CYA,Timmy Lemons,none,34
1063,Acme Factory,Shirley Callahan,none,63
832,Wonka Company,Richard Ware,male,55
1173,Umbrella LTDA,David Rave,none,29
533,Monsters CYA,Nicholas Fast,none,55
465,Monsters CYA,Judith Brown,none,34
704,Wonka Company,Kevin Chiang,male,52
1146,Umbrella LTDA,Cynthia Espinal,female,63
628,Monsters CYA,Anthony Watson,male,53
60,4You,Fred Moreta,male,47
92,4You,Donna Day,female,43
567,Monsters CYA,Darlene Blosser,female,53
194,4You,William Douthitt,male,37
280,4You,Stephen Diaz,male,26
359,4You,Virgil Hauck,male,48
519,Monsters CYA,Alan Ferebee,male,32
754,Wonka Company,Barry Smithers,male,49
622,Monsters CYA,Daniel Bollman,male,38
182,4You,Donald Anderson,male,29
110,4You,Frank Leung,none,54
1336,Umbrella LTDA,Kim Shores,female,40
844,Wonka Company,Brian Morales,male,56
204,4You,Eddie House,none,30
838,Wonka Company,Rosemary Kelly,female,23
1009,Acme Factory,Neil Tortora,none,38
545,Monsters CYA,Kenneth Jump,male,46
803,Wonka Company,Charlotte Foster,female,40
721,Wonka Company,Gregory Huntington,male,41
1097,Acme Factory,Mary Oldham,none,47
610,Monsters CYA,Rena Roberts,none,29
183,4You,Dean Lindberg,male,42
137,4You,Brittany Brahler,none,60
785,Wonka Company,James Wells,male,24
80,4You,Elissa Hubbard,female,45
1089,Acme Factory,Forrest Kaufman,none,58
988,Acme Factory,Tosha Hilton,female,36
541,Monsters CYA,Carolyn Watt,none,52
599,Monsters CYA,Leroy Harris,male,47
480,Monsters CYA,Donna Koonce,female,32
165,4You,Christine Burlingham,none,62
248,4You,Monica Chafin,female,49
307,4You,Robert Legros,male,59
1178,Umbrella LTDA,Matthew Sell,male,37
865,Wonka Company,Gary Thurston,male,49
334,4You,Mitchell Goss,male,45
97,4You,Desmond Claxton,none,47
615,Monsters CYA,Stanley Norris,male,64
932,Acme Factory,Theresa Smith,female,43
1004,Acme Factory,Carl Saiz,none,58
943,Acme Factory,Linda Hill,none,33
855,Wonka Company,Brian Shevlin,none,61
1198,Umbrella LTDA,Donnie Ames,none,57
707,Wonka Company,Arthur Hendrix,male,37
1321,Umbrella LTDA,Cynthia Starkey,none,59
302,4You,Anne Brown,female,42
1100,Acme Factory,David Brooks,none,33
388,4You,Virgie Humphrys,female,23
235,4You,Bonnie Martinez,female,49
1015,Acme Factory,Daniel Spurlock,none,61
886,Acme Factory,Gregory Patterson,none,37
305,4You,Sarah Willis,female,50
1050,Acme Factory,Karen Kneeland,none,57
1088,Acme Factory,Jack Gold,male,24
249,4You,George Sapp,male,26
945,Acme Factory,Kirk Mccormick,male,55
1058,Acme Factory,Charles Gibbons,male,44
71,4You,Walter Hendrickson,none,49
94,4You,Cora Soron,none,47
680,Wonka Company,Bret Dowell,none,52
33,4You,Ida Turzak,female,56
958,Acme Factory,Glenn Jenkins,male,51
448,4You,Marion Casey,female,28
445,4You,Laura Burns,female,23
1026,Acme Factory,Ted Bonneau,male,44
727,Wonka Company,Jeffrey Collazo,male,25
846,Wonka Company,Thomas Cagle,male,42
77,4You,Helen Gorman,female,57
84,4You,Josephine Miller,none,49
741,Wonka Company,Brian Trujillo,none,65
82,4You,Matthew Middendorf,male,60
457,Monsters CYA,Leonel Richardson,male,49
828,Wonka Company,Thomas Chary,male,23
921,Acme Factory,Charlie Mccormack,none,33
436,4You,Linda Ellis,none,53
730,Wonka Company,Lori Gonzalez,female,32
1232,Umbrella LTDA,Christine Fuller,female,63
404,4You,Ana Hudson,none,23
1170,Umbrella LTDA,William Henslee,male,62
1139,Acme Factory,Marcos Kirk,male,34
802,Wonka Company,Amanda Mcinnis,none,63
104,4You,Stephen Naylor,male,32
609,Monsters CYA,Kerri Jones,female,57
987,Acme Factory,Chris Dougherty,none,40
1155,Umbrella LTDA,Megan Anderson,female,59
62,4You,David Ray,none,32
281,4You,Christopher Shultz,none,29
993,Acme Factory,Shirley Baldwin,female,38
238,4You,Charles Baker,male,38
223,4You,Georgina Trevino,female,36
145,4You,Sandra Cruson,female,30
1252,Umbrella LTDA,Lyndon Germain,none,47
373,4You,Jame Carter,female,65
118,4You,Margaret Renfroe,female,45
1005,Acme Factory,Tara Moore,female,54
250,4You,Jeff Veno,male,38
1291,Umbrella LTDA,Bonnie Miller,female,56
9,4You,Debbie Helms,none,35
449,4You,Valerie Gonzalez,female,61
255,4You,Arthur Hoag,male,31
593,Monsters CYA,Matthew Kellogg,male,38
389,4You,Mark Eisentrout,none,43
774,Wonka Company,Micheal Blakely,male,43
1077,Acme Factory,David Harwell,none,36
557,Monsters CYA,Phillip King,none,39
460,Monsters CYA,William Washington,male,63
1236,Umbrella LTDA,James Rose,none,51
144,4You,Samantha Link,female,53
501,Monsters CYA,Amy Ruff,female,21
1239,Umbrella LTDA,Vanessa Mckay,female,23
539,Monsters CYA,Horace Skillman,none,64
177,4You,Brent Jaynes,male,55
1293,Umbrella LTDA,Thomas Fennell,none,56
759,Wonka Company,Robert Schrader,male,27
867,Wonka Company,John Rivera,male,40
706,Wonka Company,Portia Applebaum,none,64
1226,Umbrella LTDA,Sandy Ayala,male,22
1333,Umbrella LTDA,Misty Littlefield,female,21
7,4You,Gregoria Gil,female,21
693,Wonka Company,Pauline Huff,female,59
667,Wonka Company,Clayton Cline,male,39
1042,Acme Factory,Juan Pearson,male,65
357,4You,Kathryn Childress,female,37
329,4You,Amanda Hanson,female,46
1001,Acme Factory,Josephine Strasser,female,21
1030,Acme Factory,Shaun Bell,none,36
944,Acme Factory,Carol Bogdan,none,33
258,4You,Walter Letchworth,male,35
1055,Acme Factory,Demarcus Vaughan,none,25
372,4You,Dolores Davis,none,32
966,Acme Factory,Steven Armstrong,male,54
746,Wonka Company,Maurice Miles,none,34
142,4You,Richard Espericueta,male,39
525,Monsters CYA,Cynthia Luzar,none,32
1209,Umbrella LTDA,Raymond Lubin,none,46
1079,Acme Factory,Hortensia Finch,female,62
937,Acme Factory,Marc Wiliams,none,32
1275,Umbrella LTDA,Randall Vanhoose,male,39
440,4You,Donald Stallworth,none,46
531,Monsters CYA,Tammy Lechuga,none,51
910,Acme Factory,William Anderson,male,59
226,4You,Jennifer Ladner,female,29
868,Wonka Company,Eric Galioto,male,37
228,4You,Robert George,male,29
1164,Umbrella LTDA,John Brooks,male,39
212,4You,David Donovan,male,34
79,4You,Margaret Bertholf,female,65
148,4You,Marty Ferguson,male,57
736,Wonka Company,Shawn Hacker,female,57
671,Wonka Company,Pedro Woodbury,male,65
1037,Acme Factory,Amanda Kohn,female,40
879,Wonka Company,Tyler Eddy,male,65
1131,Acme Factory,Aaron Dyson,male,28
133,4You,Ma New,female,28
1308,Umbrella LTDA,Yolanda Perry,female,25
408,4You,Richard Anaya,none,59
1029,Acme Factory,Steven Carlisle,male,43
507,Monsters CYA,Thomas Coleman,male,57
1061,Acme Factory,Lisa Treadway,female,31
504,Monsters CYA,Rafael Wood,none,61
1240,Umbrella LTDA,Scott Evans,male,48
347,4You,Keith Sherman,male,35
386,4You,Katlyn Hsiao,female,44
0,4You,Roy Braun,male,21
360,4You,William Williams,male,49
1268,Umbrella LTDA,Kathleen Heller,female,46
475,Monsters CYA,Cindy Sullivan,female,44
1149,Umbrella LTDA,Troy Gates,male,59
968,Acme Factory,Martha Cole,female,41
962,Acme Factory,Tiffany Behm,female,46
939,Acme Factory,Timothy Taylor,male,37
770,Wonka Company,Bobbie Murray,female,51
172,4You,Emery Bradford,none,44
450,4You,Monica Briggs,none,42
125,4You,Marshall Knight,male,61
793,Wonka Company,Regina Garza,female,29
530,Monsters CYA,Tanya Mcmillan,none,32
713,Wonka Company,Harvey Craig,male,42
90,4You,Juan Naone,none,39
1296,Umbrella LTDA,Julie Lefebvre,female,59
181,4You,Harry Wong,none,23
816,Wonka Company,Angela Bowman,none,46
414,4You,Tonya Rivera,none,62
251,4You,Tommy Burns,male,25
69,4You,Patty Chestnut,none,22
131,4You,Terry Conteras,female,25
300,4You,Misty Garcia,none,25
974,Acme Factory,Katina Filion,female,50
326,4You,Marian Dunn,female,63
1310,Umbrella LTDA,Billy Polly,male,46
985,Acme Factory,Laura Ramirez,female,42
499,Monsters CYA,Andrew Sperdute,male,62
823,Wonka Company,Murray Chang,none,33
364,4You,Kristina Schuetz,female,48
495,Monsters CYA,Robert Carpenter,male,44
1249,Umbrella LTDA,Eleanor Washington,female,42
338,4You,Randy Sao,male,65
421,4You,Brenda Alvarado,none,45
164,4You,Tyler Butler,male,35
28,4You,April Miller,female,46
516,Monsters CYA,Julie Hamson,female,47
193,4You,Jose Carr,male,62
982,Acme Factory,Clarence Mcintosh,male,57
1031,Acme Factory,John Lynum,none,42
169,4You,William Headley,none,55
882,Wonka Company,Kimberlee Knipper,female,58
652,Wonka Company,Alice Berger,none,26
173,4You,Devin Shaver,male,49
518,Monsters CYA,James White,male,25
1090,Acme Factory,Albert Colley,none,39
873,Wonka Company,William Lindsey,male,27
491,Monsters CYA,Lazaro Jordan,male,65
73,4You,Melissa Emch,female,46
1328,Umbrella LTDA,Cheryl Avila,female,51
587,Monsters CYA,David Edelson,male,34
965,Acme Factory,Gary Vasquez,none,36
657,Wonka Company,Leta Garber,female,45
234,4You,Antonia Mcrae,female,45
732,Wonka Company,Vickie Nave,female,42
214,4You,Bernice Martinez,female,62
162,4You,Helen Jordan,female,21
132,4You,Mary Dortch,none,48
967,Acme Factory,Helen Castrellon,none,39
1199,Umbrella LTDA,Michael Parker,none,44
1102,Acme Factory,Beverly Porter,none,27
185,4You,Robert Sherman,male,54
41,4You,Sandra Bissonnette,female,62
692,Wonka Company,Mike Grimmett,male,50
108,4You,Becky Gonzalez,female,58
38,4You,Nancy Dowdy,female,47
568,Monsters CYA,Lazaro Mendoza,none,41
1229,Umbrella LTDA,Wilson Lawler,male,35
1179,Umbrella LTDA,Veronica Mcnear,female,43
1289,Umbrella LTDA,Shirley Oneal,female,24
483,Monsters CYA,Henry Browne,none,58
468,Monsters CYA,Robert Terrell,male,47
24,4You,Calvin Cuellar,male,60
817,Wonka Company,Charlotte Mcneal,female,44
842,Wonka Company,Lavinia Hankey,female,32
938,Acme Factory,Allison White,none,28
1134,Acme Factory,Mary Benton,none,54
366,4You,Claude Johnston,none,65
505,Monsters CYA,Arthur Acevedo,male,24
1254,Umbrella LTDA,Lorraine Langston,female,59
383,4You,Gabriel Mantini,none,39
734,Wonka Company,Ronald Pierson,male,34
717,Wonka Company,Mary Kelly,female,41
1193,Umbrella LTDA,Charla Knickerbocker,none,27
454,Monsters CYA,James Cox,none,52
264,4You,Prince Webster,male,40
946,Acme Factory,David Robinson,none,30
232,4You,Linda Pelaez,female,29
444,4You,Jodi Norton,none,37
395,4You,Caroline Eaton,female,49
926,Acme Factory,Bertha Garcia,female,28
176,4You,Eva Grant,female,32
18,4You,Tanya Orourke,none,65
1176,Umbrella LTDA,Christopher Allred,male,31
1108,Acme Factory,Jennifer Ferrer,female,65
1279,Umbrella LTDA,Gary Clayton,none,64
898,Acme Factory,Edwin Miller,male,29
595,Monsters CYA,Maureen Burns,female,34
61,4You,Susan Armstrong,female,61
272,4You,Genevieve May,female,56
1085,Acme Factory,Rose Snow,female,23
1260,Umbrella LTDA,Alfreda Robertson,none,26
278,4You,Willie Lopez,male,36
1041,Acme Factory,Mike Casillas,male,33
694,Wonka Company,Jolene Ser,none,22
368,4You,Mark Nemec,male,25
1235,Umbrella LTDA,Gary Catania,none,65
36,4You,Anna Rodriguez,none,56
735,Wonka Company,William Mckay,male,36
1191,Umbrella LTDA,Charles Plotkin,male,51
662,Wonka Company,Everett Schlesener,male,57
894,Acme Factory,Ashley Miller,female,24
963,Acme Factory,Robert Taylor,male,54
547,Monsters CYA,Paul Torres,none,60
1070,Acme Factory,Darren Rice,male,26
688,Wonka Company,John Orr,male,27
738,Wonka Company,Luciano Harris,male,58
191,4You,Adan Duarte,none,35
456,Monsters CYA,Gertrude Rice,female,36
393,4You,Kelly Subido,female,23
675,Wonka Company,Carol Cobb,female,39
760,Wonka Company,Andrew Stoddard,male,44
1319,Umbrella LTDA,Grace Walling,none,51
728,Wonka Company,Rebecca Kim,none,40
419,4You,Tanya Donahue,none,36
375,4You,Jerome Sanchez,none,56
412,4You,Teresa Sanchez,none,21
74,4You,Janet Vaness,none,24
1256,Umbrella LTDA,Francisco Sierra,male,28
1052,Acme Factory,Francis Ferry,none,34
500,Monsters CYA,Edward Zahner,male,42
825,Wonka Company,Karen Gilley,female,35
1007,Acme Factory,Shirley Barnhill,female,51
616,Monsters CYA,Jessica Kinsey,female,40
114,4You,Wallace Tenney,male,47
417,4You,Dana King,none,35
601,Monsters CYA,Seth Mcclellan,male,32
604,Monsters CYA,Tiffany Thomas,none,53
1284,Umbrella LTDA,June Chynoweth,female,47
89,4You,Dixie Perez,female,28
848,Wonka Company,Patrick Henderson,male,37
1222,Umbrella LTDA,Steven Smith,male,64
1283,Umbrella LTDA,Terrence Smith,none,23
753,Wonka Company,Eric Capps,male,51
498,Monsters CYA,Melvin Wineland,male,64
1168,Umbrella LTDA,Myrtle Johnson,female,31
1066,Acme Factory,Virginia Walker,female,43
1255,Umbrella LTDA,Addie Jones,female,37
11,4You,Virginia Roberts,female,61
396,4You,Douglas Shields,male,39
940,Acme Factory,Ronald Sullivan,none,41
555,Monsters CYA,Yolanda Edwards,female,34
42,4You,Robert Collins,male,61
841,Wonka Company,Suzanne Thomas,none,36
167,4You,Robert Toney,male,65
416,4You,Mary Rivera,female,37
576,Monsters CYA,Chad Langevin,male,22
834,Wonka Company,Carlos Lanier,male,58
267,4You,Patricia Elwell,female,40
1195,Umbrella LTDA,Sandra Newsome,female,35
426,4You,Amy Kun,none,65
690,Wonka Company,William Glancy,male,64
544,Monsters CYA,John Micciche,none,64
1257,Umbrella LTDA,Andre Chambers,male,31
674,Wonka Company,Jacqueline Thornton,none,64
689,Wonka Company,William Caravella,none,50
1200,Umbrella LTDA,Alicia Gilchrist,female,62
851,Wonka Company,Jonathan Andrews,none,58
1312,Umbrella LTDA,Matthew Eskridge,male,38
159,4You,Jack Harris,male,26
895,Acme Factory,Alex Fratta,male,33
1067,Acme Factory,Rosita Dorsch,female,36
257,4You,Carolyn Miller,female,39
1093,Acme Factory,Todd Morgan,male,24
335,4You,Larry Tapia,none,34
1261,Umbrella LTDA,Robert Fleming,none,61
15,4You,Janice Cudney,female,56
515,Monsters CYA,Anna Edgar,none,24
324,4You,Robert Schlipp,none,48
768,Wonka Company,Antonio Sanchez,none,64
607,Monsters CYA,Laurie Fine,female,65
1181,Umbrella LTDA,Melissa Livingston,none,65
986,Acme Factory,Danny Ramos,none,64
1043,Acme Factory,Adrian Haight,none,41
905,Acme Factory,John Curtiss,male,53
222,4You,Kimberly Plumber,female,21
179,4You,Ellen Brodowski,female,55
964,Acme Factory,Ernest Bybee,male,62
99,4You,Louis Peck,none,41
836,Wonka Company,Edward Amsterdam,male,36
757,Wonka Company,Muriel Booth,female,38
521,Monsters CYA,Alicia Cedar,female,29
761,Wonka Company,Ralph Paquin,male,31
22,4You,Michele Ashford,female,51
356,4You,Ralph Colunga,none,33
733,Wonka Company,Jesus Victor,none,30
1113,Acme Factory,Travis Cordell,male,44
1243,Umbrella LTDA,Terri Mario,female,64
611,Monsters CYA,Heather Chambers,female,47
1141,Acme Factory,Anthony Doggett,male,28
340,4You,Anthony Briney,none,25
431,4You,Matilda Wright,none,44
976,Acme Factory,Maria Peterson,female,62
217,4You,Manuel Hanson,none,53
911,Acme Factory,Eric Starkey,male,47
203,4You,Gary Lamb,male,46
1081,Acme Factory,Albert Sparks,male,58
1092,Acme Factory,Bryon Denton,male,38
93,4You,Nancy Campbell,none,32
997,Acme Factory,Shirley Rowles,female,39
68,4You,Lori Friedman,female,62
1172,Umbrella LTDA,Margaret Lee,female,21
284,4You,Adam Pittman,male,32
696,Wonka Company,Michael Nutt,male,21
85,4You,Peter Moon,male,39
434,4You,Johnny Odom,male,29
1011,Acme Factory,Bianca Tew,none,40
153,4You,Tona Buri,female,65
75,4You,Robert Wilhite,male,65
1166,Umbrella LTDA,John Watson,male,32
1338,Umbrella LTDA,Viola Agosta,female,52
789,Wonka Company,Katharine Perry,female,54
580,Monsters CYA,Javier Anthony,male,24
446,4You,Henry Burkhard,male,46
703,Wonka Company,Lori Kelly,none,26
188,4You,Donald Kingsley,male,24
271,4You,Scott Schreyer,male,63
1128,Acme Factory,Winston Hogen,none,49
884,Wonka Company,Linda Brown,none,58
236,4You,James Brooks,none,46
487,Monsters CYA,Nancy Doggett,none,40
1337,Umbrella LTDA,James Gimenez,male,28
559,Monsters CYA,Betty Ollie,female,64
117,4You,Maurice Creasey,none,38
637,Monsters CYA,Robert Pratt,male,28
1208,Umbrella LTDA,Kyle Jewell,male,42
801,Wonka Company,Ronald Foley,male,63
750,Wonka Company,Kathleen Tsang,female,41
512,Monsters CYA,Juanita Baker,female,52
633,Monsters CYA,Lori Mcknight,female,44
1202,Umbrella LTDA,Lauren Saenz,none,37
1138,Acme Factory,Leonora Davis,female,26
907,Acme Factory,Daniel Capone,none,55
1216,Umbrella LTDA,Lois Robins,none,42
126,4You,Ernesto Naron,none,47
790,Wonka Company,Leopoldo Ensign,none,52
829,Wonka Company,William Johnson,male,50
116,4You,Shawn Pennachio,male,59
473,Monsters CYA,Anita Smothers,female,48
740,Wonka Company,Milton Stanley,male,50
1133,Acme Factory,Brady Harris,male,57
950,Acme Factory,Ivan Henton,male,32
57,4You,Dorothy Dyson,female,32
603,Monsters CYA,Marlene Shumpert,none,42
786,Wonka Company,Krista Vandyke,female,29
830,Wonka Company,Carlos Hernandez,male,32
119,4You,Justin Bedard,male,38
656,Wonka Company,Kenneth Quick,male,33
1078,Acme Factory,Rashida Allan,none,55
669,Wonka Company,Shari Reynolds,female,54
105,4You,Richard Haugen,male,31
635,Monsters CYA,Kimberly Barclay,female,48
369,4You,Bart Haverstock,male,21
268,4You,Henry Warren,none,47
655,Wonka Company,Aaron Feliciano,male,60
819,Wonka Company,Linda Cunningham,female,55
935,Acme Factory,Santo Christ,male,46
822,Wonka Company,Frankie Ortega,female,54
866,Wonka Company,Yvonne Ahmad,female,46
46,4You,Bobby Garcia,male,42
349,4You,Isabel Guthrie,female,36
1158,Umbrella LTDA,Kristyn Vincent,female,39
991,Acme Factory,Daniel Kraham,male,62
876,Wonka Company,John Harris,male,22
773,Wonka Company,Edna Clyne,female,56
195,4You,Richard Juarez,male,39
102,4You,Henry Muhammad,male,43
4,4You,Patricia Carson,female,44
619,Monsters CYA,Clifton Parsons,male,45
1003,Acme Factory,Wanda Underwood,female,38
571,Monsters CYA,Nathan Ponder,male,43
52,4You,Joyce Jacobsen,female,55
263,4You,John Lewis,none,34
1062,Acme Factory,Gilbert Burroughs,male,27
1224,Umbrella LTDA,Brian Swigert,none,55
443,4You,Alberto Hamner,male,24
1002,Acme Factory,Nancy Kramer,female,55
1117,Acme Factory,Jonathan Ferguson,none,40
782,Wonka Company,Carolyn Nielsen,none,63
837,Wonka Company,Harold Uren,male,50
1197,Umbrella LTDA,Maria Hawthorne,none,58
691,Wonka Company,Rhonda Hauck,female,25
304,4You,James Lord,male,32
341,4You,Catherine Jenkins,none,31
1054,Acme Factory,Leslie Rosas,female,38
313,4You,Judith Pierce,female,23
149,4You,Mary Harkness,female,37
574,Monsters CYA,Della Gomez,none,52
50,4You,Monique Williams,female,56
1192,Umbrella LTDA,Danny Henderson,male,32
726,Wonka Company,David Bowers,male,34
833,Wonka Company,Natalie Miller,none,43
470,Monsters CYA,Ima Borne,female,23
971,Acme Factory,Mona Wilson,female,58
653,Wonka Company,Gina Dieteman,none,21
399,4You,Shirley Blacklock,female,36
511,Monsters CYA,Wilma Prescott,female,32
320,4You,Reginald Doherty,male,33
19,4You,John Bennett,male,22
684,Wonka Company,Robert Mitchell,male,49
35,4You,Helen Selby,none,34
902,Acme Factory,David Klein,none,38
827,Wonka Company,James Lubin,male,54
1201,Umbrella LTDA,Samuel Bejarano,male,36
407,4You,Fernande Conover,female,25
920,Acme Factory,Vincent Reyna,male,65
537,Monsters CYA,Robert Villalvazo,none,35
758,Wonka Company,William Garcia,male,64
245,4You,Jacqueline Sabir,female,40
784,Wonka Company,William Biffle,none,40
489,Monsters CYA,James Wareham,none,57
154,4You,Rex Velasquez,male,46
961,Acme Factory,Howard Price,male,34
853,Wonka Company,Fred Bergeson,male,40
625,Monsters CYA,Elizabeth Srinvasan,female,61
685,Wonka Company,Michael Shields,male,33
569,Monsters CYA,Timothy Grady,male,28
1278,Umbrella LTDA,Wayne Williams,male,35
17,4You,Victor Tribbett,none,25
127,4You,Juan Jaremka,none,47
927,Acme Factory,Dolores Chambers,female,55
980,Acme Factory,Bill Cotton,male,42
1315,Umbrella LTDA,Annabel Loughran,female,23
190,4You,Jack Neumann,none,60
992,Acme Factory,Claudia Liang,female,27
1309,Umbrella LTDA,Tony Bishop,none,22
606,Monsters CYA,David Evans,male,54
180,4You,William Prahm,male,27
301,4You,Tom Salazar,none,58
496,Monsters CYA,Charlotte Johnson,none,51
1159,Umbrella LTDA,Crystal Fontaine,female,40
1125,Acme Factory,Rebecca Englert,female,50
1111,Acme Factory,Agnes Allen,female,61
517,Monsters CYA,Linda Gordan,none,30
1069,Acme Factory,Luther Campbell,male,49
476,Monsters CYA,Major Girard,male,31
157,4You,Sarah Axelson,none,42
16,4You,Shane Hubner,female,47
1072,Acme Factory,Glenna Ernst,female,47
546,Monsters CYA,Abdul Vogus,male,46
658,Wonka Company,Bryce Gearing,male,22
1101,Acme Factory,Kristin Gaiser,female,58
1019,Acme Factory,Doris Irby,female,31
1339,Umbrella LTDA,Paul Rodriguez,male,35
959,Acme Factory,Janice Hutchinson,none,64
1263,Umbrella LTDA,Susan Fassino,female,29
283,4You,Barbara Faust,female,42
797,Wonka Company,Andre Harris,male,22
225,4You,Carol Tinkham,none,35
26,4You,Yolanda Connolly,female,49
437,4You,Diane Huff,none,60
1303,Umbrella LTDA,Douglas Kreider,male,59
229,4You,Aaron Dunn,none,51
37,4You,Denise Newton,none,27
749,Wonka Company,Ernest Reyes,male,55
1045,Acme Factory,Ernesto Hall,none,40
469,Monsters CYA,Dennis Phillips,none,41
1250,Umbrella LTDA,Lisa Beaman,female,53
1317,Umbrella LTDA,Goldie Pankratz,none,45
687,Wonka Company,Lora Perez,female,23
1233,Umbrella LTDA,Betty Amos,female,60
639,Monsters CYA,Edna Boyette,female,43
1247,Umbrella LTDA,Carol Wright,none,36
1121,Acme Factory,Carrie Weir,female,43
1219,Umbrella LTDA,Brian Walker,male,26
800,Wonka Company,Linda Hixon,female,42
160,4You,Juan Stevenson,none,43
956,Acme Factory,Clarence Gracely,male,51
821,Wonka Company,Deborah Ryan,female,35
1140,Acme Factory,Nathan Robertson,male,58
877,Wonka Company,Kevin Gay,male,48
913,Acme Factory,Elsa Wagner,female,37
152,4You,Elisa Vizcarra,female,42
1228,Umbrella LTDA,Jerry Warman,male,22
509,Monsters CYA,Brian Thompson,none,21
1127,Acme Factory,Holly Payton,female,46
103,4You,Judy Church,female,39
586,Monsters CYA,Gregory Thiboutot,male,39
1189,Umbrella LTDA,Jame Weber,male,50
53,4You,Carol Dixon,female,23
151,4You,Edward Harris,none,40
403,4You,Oliver Williams,none,49
207,4You,Mary Breton,female,33
1269,Umbrella LTDA,Debra Stubbs,female,60
1122,Acme Factory,Kevin Summers,male,43
8,4You,Jack Sabo,none,41
1014,Acme Factory,Rosie Perdue,none,41
1060,Acme Factory,Karen Hill,none,27
452,4You,Maynard Murray,none,33
253,4You,Barbara Knight,female,41
896,Acme Factory,Josephine Sigmon,female,50
1174,Umbrella LTDA,Tamie Thompson,none,26
880,Wonka Company,Alejandro Hess,male,61
1302,Umbrella LTDA,Marilee Thompson,female,63
623,Monsters CYA,Sumiko Boone,none,61
345,4You,Timothy Perez,none,46
1300,Umbrella LTDA,Cynthia Noguera,female,30
262,4You,Ramon Santistevan,male,33
150,4You,Catherine Michael,none,39
472,Monsters CYA,Helen Heavilin,female,28
640,Monsters CYA,Thomas Lockman,none,26
1327,Umbrella LTDA,Joseph Mccoy,male,42
1264,Umbrella LTDA,George Herring,male,28
550,Monsters CYA,Luz Gilliland,none,22
928,Acme Factory,Sonia Walsh,female,24
488,Monsters CYA,Sonja Bell,female,56
1212,Umbrella LTDA,Frances Workman,female,39
146,4You,Ruben Flores,male,65
402,4You,Philip Rose,male,48
954,Acme Factory,James Potts,male,52
1259,Umbrella LTDA,Stacia Ratcliff,none,22
659,Wonka Company,Juan Kloke,male,57
463,Monsters CYA,Robert White,none,22
186,4You,Doris Quinones,female,56
1147,Umbrella LTDA,Bradley Slaughter,male,33
608,Monsters CYA,Thelma Dillinger,none,61
143,4You,Lisa Fitch,female,37
751,Wonka Company,Nancy Moradian,none,55
981,Acme Factory,Mary Brumfield,none,30
197,4You,Roger Chavers,male,23
883,Wonka Company,Laura Webb,female,46
279,4You,Mildred Jackson,female,49
293,4You,Jeffrey Matthews,none,55
1220,Umbrella LTDA,Valerie Miller,none,36
400,4You,Cathy Childs,female,52
122,4You,Shannon Crosley,none,56
202,4You,Christopher Schroeder,male,34
835,Wonka Company,Phyllis Morse,female,46
246,4You,Dorothy Richardson,female,33
1274,Umbrella LTDA,Charles Smalley,none,26
1262,Umbrella LTDA,Barbara Trejo,none,31
1153,Umbrella LTDA,Joyce Holsten,female,42
384,4You,Eulalia White,female,45
854,Wonka Company,Eric Singleton,none,46
219,4You,Delia Romero,none,59
641,Monsters CYA,Ashley Servais,female,26
1,4You,Joseph Holsten,male,37
112,4You,Michael Benincase,male,53
698,Wonka Company,Susan Anderson,female,51
1281,Umbrella LTDA,Shirley Ortiz,female,63
951,Acme Factory,Kathleen Glass,female,35
1182,Umbrella LTDA,Dorothy Woods,none,60
1210,Umbrella LTDA,Annette Uppencamp,none,49
441,4You,Robert Coronado,male,32
1136,Acme Factory,Brian Mack,none,64
663,Wonka Company,Michelle Richey,female,49
1227,Umbrella LTDA,Danny Pitpitan,male,35
317,4You,Adam Groome,male,54
648,Wonka Company,Ethel Dalton,female,31
709,Wonka Company,Rosemarie Bryan,none,52
972,Acme Factory,Lisa Ward,none,32
627,Monsters CYA,Michael Sigmon,male,47
632,Monsters CYA,Celina Fish,none,59
1307,Umbrella LTDA,Carl Branch,male,56
1331,Umbrella LTDA,Nathan Kyle,male,37
795,Wonka Company,Eric Ison,male,52
645,Monsters CYA,Michele Alton,none,64
1012,Acme Factory,Marvel Gill,female,46
556,Monsters CYA,Jonathan Dickens,male,48
681,Wonka Company,Myrtle Churchill,female,51
577,Monsters CYA,Paul Emery,none,63
1109,Acme Factory,Gregory Fiorini,male,28
1183,Umbrella LTDA,Robin Taylor,male,28
524,Monsters CYA,Linda Parks,female,50
1059,Acme Factory,Karla Guerrette,none,32
540,Monsters CYA,Yvonne Ridgeway,none,30
1194,Umbrella LTDA,Maria Jones,none,33
748,Wonka Company,Bradley Rhodes,male,47
1241,Umbrella LTDA,Frances Anderson,female,62
484,Monsters CYA,Julie Bourgeois,female,44
95,4You,Randall Wison,none,21
1020,Acme Factory,Trina Smith,female,34
563,Monsters CYA,Ashley Hernandez,none,61
742,Wonka Company,Anna Willis,female,22
863,Wonka Company,Ronald Markus,none,63
891,Acme Factory,Carolyn Caldwell,female,31
1038,Acme Factory,Alice Hernandez,female,46
206,4You,Lisa Mottillo,female,33
392,4You,Cameron Williams,male,27
794,Wonka Company,Beatrice Curtis,female,31
870,Wonka Company,Rachel Garcia,none,25
397,4You,Robert Clark,male,28
766,Wonka Company,Anthony Young,male,30
1231,Umbrella LTDA,Clarence Carleton,male,53
1028,Acme Factory,Jonathan Crawford,male,59
642,Monsters CYA,Gary Kearney,male,55
612,Monsters CYA,Myra Rivera,female,57
960,Acme Factory,Theresa Guttmann,female,33
725,Wonka Company,David Wright,none,21
683,Wonka Company,Loma Walker,female,25
98,4You,Marie Ruiz,female,23
804,Wonka Company,Jarrod Woodard,none,35
406,4You,William Jemmott,male,21
502,Monsters CYA,Jason Bottone,none,55
1071,Acme Factory,Elizabeth Baker,none,59
1056,Acme Factory,Guy Love,male,37
929,Acme Factory,Ann Pope,female,37
779,Wonka Company,Matthew Freeman,none,45
200,4You,Teresa Banister,none,29
134,4You,Anthony Mccaslin,male,54
1051,Acme Factory,Catalina Rosario,female,57
40,4You,Carlos Campbell,none,42
1017,Acme Factory,Duane Norton,male,47
230,4You,Patricia Pittman,female,35
378,4You,Sarah Boock,none,30
288,4You,Bryan Bowers,none,23
418,4You,Frank Street,none,61
391,4You,Philip Robertson,male,49
592,Monsters CYA,Charles Horsley,none,38
1162,Umbrella LTDA,Donnie Taylor,male,36
1086,Acme Factory,Jeffrey Duarte,none,32
647,Monsters CYA,Edna Ortiz,none,26
1152,Umbrella LTDA,Daniel Swanger,male,31
520,Monsters CYA,Bobby Alex,male,30
64,4You,Ann Moore,female,41
14,4You,John Cody,male,37
1180,Umbrella LTDA,Jessica Walden,none,28
1064,Acme Factory,Mark Brownfield,male,63
492,Monsters CYA,Scott Chavez,male,36
379,4You,Anthony Bethea,none,49
187,4You,Merle Gravatt,male,59
763,Wonka Company,Kenneth Farnsworth,none,33
216,4You,Tina Higgins,none,32
791,Wonka Company,Donald Hysmith,male,50
1076,Acme Factory,Camille Bosley,female,47
878,Wonka Company,Eric Limbrick,none,42
337,4You,Hans Bryan,none,37
719,Wonka Company,Cory Ruiz,male,64
295,4You,Jenna Center,female,60
1016,Acme Factory,Nola Harris,female,54
455,Monsters CYA,Dana Looney,female,56
815,Wonka Company,Monica Mcintyre,female,45
269,4You,Sandra Banks,none,49
995,Acme Factory,John Parks,none,36
201,4You,Emerson Martindale,male,41
161,4You,Abraham Smith,male,62
729,Wonka Company,Hattie Martin,female,55
401,4You,Dave Morton,none,47
702,Wonka Company,Joseph Clymer,male,38
1129,Acme Factory,Melvin Griggs,male,48
565,Monsters CYA,Emma Ashbrook,none,53
1021,Acme Factory,Martha Calhoun,female,58
1025,Acme Factory,Steven Napier,male,57
1104,Acme Factory,Juanita Palmer,none,42
205,4You,Kelley Bradford,none,24
34,4You,Anita Petersen,female,21
775,Wonka Company,Frances Bass,female,27
508,Monsters CYA,Gwen Payne,female,64
1320,Umbrella LTDA,Trevor Robinson,male,26
91,4You,Christopher Madden,male,21
897,Acme Factory,Thomas Smith,male,59
564,Monsters CYA,Eugene Tiemann,none,41
776,Wonka Company,Sharon Fontenot,female,48
241,4You,Sonia Malaspina,female,63
13,4You,Irene Tucker,none,36
315,4You,Alfred Atkinson,none,61
600,Monsters CYA,Laurie Hubbard,none,38
387,4You,Dorothy Barnes,none,21
166,4You,Bonnie Romero,none,65
840,Wonka Company,John Vil,none,55
20,4You,Sally Roberts,female,65
646,Monsters CYA,Andra Parker,none,33
1154,Umbrella LTDA,Amy Miller,female,28
831,Wonka Company,Dorothy Lawrence,female,28
1267,Umbrella LTDA,Robert Leek,male,44
562,Monsters CYA,Clifford Forrest,none,54
1306,Umbrella LTDA,David Trost,male,40
686,Wonka Company,Joyce Seifert,female,56
957,Acme Factory,Charles Zoutte,male,64
189,4You,Nicholas Goodman,male,31
975,Acme Factory,Nancy Mondragon,none,27
699,Wonka Company,Kevin Lamb,male,43
510,Monsters CYA,Traci Shelton,none,41
1082,Acme Factory,Jonathan Partlow,male,37
474,Monsters CYA,Dorothy Sample,female,48
856,Wonka Company,Jake Rollo,male,60
747,Wonka Company,Ruth Bennett,female,51
252,4You,Justin Lanosga,none,47
21,4You,Julia Meinhart,female,56
459,Monsters CYA,Joseph Silva,male,50
1184,Umbrella LTDA,Nathaniel Mcmillian,none,39
276,4You,Angela Shelby,none,26
955,Acme Factory,Tad Corry,male,27
1215,Umbrella LTDA,Zoe Ruiz,female,24
385,4You,Jeffery Gill,male,53
805,Wonka Company,Chadwick Goodwin,none,28
343,4You,Eric Fuller,male,47
769,Wonka Company,Susan Lacy,female,50
130,4You,Robin Greek,female,65
871,Wonka Company,Ruben Beezley,male,21
1123,Acme Factory,Heath Lapierre,male,33
87,4You,Marie Bowyer,female,30
330,4You,Robert Smith,none,57
1238,Umbrella LTDA,Ina Cassidy,none,26
466,Monsters CYA,Walter Ortiz,male,52
121,4You,Kim Frederick,male,54
1044,Acme Factory,Adam Clasen,male,27
1095,Acme Factory,Sam Donnelly,male,26
1130,Acme Factory,Steve Shoffner,none,48
1294,Umbrella LTDA,John Moroney,male,34
860,Wonka Company,Trent Hughes,male,33
1126,Acme Factory,Walter Bernat,male,27
